sample_id,run_id,library_id,read,metric_id,value_number
RUN_008_S01,RUN_008,LIB_A,R1,FASTQC_TOTAL_SEQUENCES_R1,159570901.2
RUN_008_S01,RUN_008,LIB_A,R1,FASTQC_PERCENT_FAILS_R1,0.3
RUN_008_S01,RUN_008,LIB_A,R1,FASTQC_GC_PCT_R1,51.4
RUN_008_S01,RUN_008,LIB_A,R1,FASTQC_PERCENT_DUPLICATES_R1,10.1
RUN_008_S01,RUN_008,LIB_A,R1,FASTQC_AVG_SEQUENCE_LENGTH_R1,149.5
RUN_008_S01,RUN_008,LIB_A,R2,FASTQC_TOTAL_SEQUENCES_R2,151531760.9
RUN_008_S01,RUN_008,LIB_A,R2,FASTQC_PERCENT_FAILS_R2,0.4
RUN_008_S01,RUN_008,LIB_A,R2,FASTQC_GC_PCT_R2,52.3
RUN_008_S01,RUN_008,LIB_A,R2,FASTQC_PERCENT_DUPLICATES_R2,7.0
RUN_008_S01,RUN_008,LIB_A,R2,FASTQC_AVG_SEQUENCE_LENGTH_R2,152.6
RUN_008_S02,RUN_008,LIB_A,R1,FASTQC_TOTAL_SEQUENCES_R1,155769039.9
RUN_008_S02,RUN_008,LIB_A,R1,FASTQC_PERCENT_FAILS_R1,0.5
RUN_008_S02,RUN_008,LIB_A,R1,FASTQC_GC_PCT_R1,52.0
RUN_008_S02,RUN_008,LIB_A,R1,FASTQC_PERCENT_DUPLICATES_R1,11.4
RUN_008_S02,RUN_008,LIB_A,R1,FASTQC_AVG_SEQUENCE_LENGTH_R1,149.5
RUN_008_S02,RUN_008,LIB_A,R2,FASTQC_TOTAL_SEQUENCES_R2,141399476.2
RUN_008_S02,RUN_008,LIB_A,R2,FASTQC_PERCENT_FAILS_R2,0.6
RUN_008_S02,RUN_008,LIB_A,R2,FASTQC_GC_PCT_R2,50.0
RUN_008_S02,RUN_008,LIB_A,R2,FASTQC_PERCENT_DUPLICATES_R2,9.8
RUN_008_S02,RUN_008,LIB_A,R2,FASTQC_AVG_SEQUENCE_LENGTH_R2,152.1
RUN_008_S03,RUN_008,LIB_B,R1,FASTQC_TOTAL_SEQUENCES_R1,161592627.9
RUN_008_S03,RUN_008,LIB_B,R1,FASTQC_PERCENT_FAILS_R1,0.4
RUN_008_S03,RUN_008,LIB_B,R1,FASTQC_GC_PCT_R1,49.9
RUN_008_S03,RUN_008,LIB_B,R1,FASTQC_PERCENT_DUPLICATES_R1,10.7
RUN_008_S03,RUN_008,LIB_B,R1,FASTQC_AVG_SEQUENCE_LENGTH_R1,149.4
RUN_008_S03,RUN_008,LIB_B,R2,FASTQC_TOTAL_SEQUENCES_R2,146869656.1
RUN_008_S03,RUN_008,LIB_B,R2,FASTQC_PERCENT_FAILS_R2,0.5
RUN_008_S03,RUN_008,LIB_B,R2,FASTQC_GC_PCT_R2,50.4
RUN_008_S03,RUN_008,LIB_B,R2,FASTQC_PERCENT_DUPLICATES_R2,17.4
RUN_008_S03,RUN_008,LIB_B,R2,FASTQC_AVG_SEQUENCE_LENGTH_R2,151.4
RUN_008_S04,RUN_008,LIB_B,R1,FASTQC_TOTAL_SEQUENCES_R1,167084166.4
RUN_008_S04,RUN_008,LIB_B,R1,FASTQC_PERCENT_FAILS_R1,0.6
RUN_008_S04,RUN_008,LIB_B,R1,FASTQC_GC_PCT_R1,49.8
RUN_008_S04,RUN_008,LIB_B,R1,FASTQC_PERCENT_DUPLICATES_R1,11.9
RUN_008_S04,RUN_008,LIB_B,R1,FASTQC_AVG_SEQUENCE_LENGTH_R1,147.0
RUN_008_S04,RUN_008,LIB_B,R2,FASTQC_TOTAL_SEQUENCES_R2,146607411.5
RUN_008_S04,RUN_008,LIB_B,R2,FASTQC_PERCENT_FAILS_R2,0.6
RUN_008_S04,RUN_008,LIB_B,R2,FASTQC_GC_PCT_R2,51.6
RUN_008_S04,RUN_008,LIB_B,R2,FASTQC_PERCENT_DUPLICATES_R2,14.5
RUN_008_S04,RUN_008,LIB_B,R2,FASTQC_AVG_SEQUENCE_LENGTH_R2,149.7
RUN_008_S05,RUN_008,LIB_B,R1,FASTQC_TOTAL_SEQUENCES_R1,153264794.0
RUN_008_S05,RUN_008,LIB_B,R1,FASTQC_PERCENT_FAILS_R1,0.4
RUN_008_S05,RUN_008,LIB_B,R1,FASTQC_GC_PCT_R1,50.8
RUN_008_S05,RUN_008,LIB_B,R1,FASTQC_PERCENT_DUPLICATES_R1,15.1
RUN_008_S05,RUN_008,LIB_B,R1,FASTQC_AVG_SEQUENCE_LENGTH_R1,151.8
RUN_008_S05,RUN_008,LIB_B,R2,FASTQC_TOTAL_SEQUENCES_R2,143090741.9
RUN_008_S05,RUN_008,LIB_B,R2,FASTQC_PERCENT_FAILS_R2,0.4
RUN_008_S05,RUN_008,LIB_B,R2,FASTQC_GC_PCT_R2,51.1
RUN_008_S05,RUN_008,LIB_B,R2,FASTQC_PERCENT_DUPLICATES_R2,14.3
RUN_008_S05,RUN_008,LIB_B,R2,FASTQC_AVG_SEQUENCE_LENGTH_R2,148.7
RUN_008_S06,RUN_008,LIB_B,R1,FASTQC_TOTAL_SEQUENCES_R1,164552703.9
RUN_008_S06,RUN_008,LIB_B,R1,FASTQC_PERCENT_FAILS_R1,0.7
RUN_008_S06,RUN_008,LIB_B,R1,FASTQC_GC_PCT_R1,52.0
RUN_008_S06,RUN_008,LIB_B,R1,FASTQC_PERCENT_DUPLICATES_R1,9.0
RUN_008_S06,RUN_008,LIB_B,R1,FASTQC_AVG_SEQUENCE_LENGTH_R1,148.2
RUN_008_S06,RUN_008,LIB_B,R2,FASTQC_TOTAL_SEQUENCES_R2,138732761.6
RUN_008_S06,RUN_008,LIB_B,R2,FASTQC_PERCENT_FAILS_R2,0.5
RUN_008_S06,RUN_008,LIB_B,R2,FASTQC_GC_PCT_R2,50.8
RUN_008_S06,RUN_008,LIB_B,R2,FASTQC_PERCENT_DUPLICATES_R2,16.5
RUN_008_S06,RUN_008,LIB_B,R2,FASTQC_AVG_SEQUENCE_LENGTH_R2,146.6
